,molecule_chembl_id,canonical_smiles,class,MW,LogP,NumHDonors,NumHAcceptors,pIC50
0,CHEMBL134277,CC1=CC(C)(C)Nc2ccc3c(c21)/C(=C/c1ccsc1)Oc1ccc(F)cc1-3,intermediate,389.4950000000001,7.052100000000005,1.0,3.0,5.45742352373947
1,CHEMBL11252,Cn1cc(NC(=O)c2cc(NC(=O)c3cc(NC=O)cn3C)cn2C)cc1C(=O)NCCC(=N)N,active,481.5170000000003,0.8308700000000004,6.0,8.0,7.698970004336019
2,CHEMBL552863,Cl.Cn1cc(NC(=O)c2cc(NC(=O)c3cc(NC(=O)c4cc5cc(N(CCCl)CCCl)ccc5n4C)cn3C)cn2C)cc1C(=O)NCCC(=N)N,active,750.6919999999998,4.2905700000000015,6.0,10.0,9.0
3,CHEMBL554247,Cl.Cn1cc(NC(=O)c2cc(NC(=O)c3cc(NC(=O)c4cc5cc(NC(=O)c6ccc(N(CCCl)CCCl)cc6)ccc5o4)cn3C)cn2C)cc1C(=O)NCCC(=N)N,active,856.7719999999997,5.7973700000000035,7.0,11.0,8.301029995663981
4,CHEMBL717,CC(=O)O[C@]1(C(C)=O)CC[C@H]2[C@@H]3C[C@H](C)C4=CC(=O)CC[C@]4(C)[C@H]3CC[C@@]21C,active,386.53200000000027,4.655200000000004,0.0,4.0,6.0343280287798935
5,CHEMBL536328,Cl.Cn1cc(NC(=O)c2cc(NC(=O)c3cc(NC(=O)c4cc5cc(N(CCCl)CCCl)ccc5[nH]4)cn3C)cn2C)cc1C(=O)NCCC(=N)N,active,736.6649999999998,4.280170000000001,7.0,9.0,9.0
6,CHEMBL552690,Cl.Cn1cc(NC(=O)c2cc(NC(=O)c3cc(NC(=O)c4nc5cc(NC(=O)c6ccc(N(CCCl)CCCl)cc6)ccc5[nH]4)cn3C)cn2C)cc1C(=O)NCCC(=N)N,active,856.7759999999997,4.927470000000002,8.0,11.0,8.301029995663981
7,CHEMBL337856,CC1=CC(C)(C)Nc2ccc3c(c21)/C(=C/c1ccccc1C)Oc1c(F)cccc1-3,intermediate,397.49300000000017,7.299020000000006,1.0,2.0,5.612076533026563
8,CHEMBL335996,COc1ccccc1/C=C1\Oc2ccc(F)cc2-c2ccc3c(c21)C(C)=CC(C)(C)N3,intermediate,413.49200000000013,6.9992000000000045,1.0,3.0,5.724688645458189
9,CHEMBL130141,CC1=CC(C)(C)Nc2ccc3c(c21)/C(=C/c1ccncc1C)Oc1ccc(F)cc1-3,intermediate,398.48100000000017,6.694020000000005,1.0,3.0,5.9396799713117145
10,CHEMBL336169,CC1=CC(C)(C)Nc2ccc3c(c21)/C(=C/c1ccco1)Oc1ccc(F)cc1-3,intermediate,373.42700000000013,6.583600000000005,1.0,3.0,5.895171596346344
11,CHEMBL554353,Cl.Cn1cc(NC(=O)c2cc(NC(=O)c3cc(NC(=O)c4cc5cc(NC(=O)c6ccc(N(CCCl)CCCl)cc6)ccc5[nH]4)cn3C)cn2C)cc1C(=O)NCCC(=N)N,active,855.7879999999997,5.532470000000003,8.0,10.0,8.1249387366083
12,CHEMBL540313,Cl.Cn1cc(NC(=O)c2cc(NC(=O)c3cc(NC(=O)c4cc5cc(N(CCCl)CCCl)ccc5o4)cn3C)cn2C)cc1C(=O)NCCC(=N)N,active,737.6489999999998,4.545070000000002,6.0,10.0,8.522878745280337
13,CHEMBL554189,Cl.Cn1cc(NC(=O)c2cc(NC(=O)c3cc(NC(=O)c4cc5cc(NC(=O)c6ccc(N(CCCl)CCCl)cc6)ccc5n4C)cn3C)cn2C)cc1C(=O)NCCC(=N)N,active,869.8149999999996,5.542870000000002,7.0,11.0,8.301029995663981
14,CHEMBL431611,Oc1ccc2c(c1)S[C@H](C1CCCC1)[C@H](c1ccc(OCCN3CCCCC3)cc1)O2,active,439.6210000000003,6.041500000000006,1.0,5.0,7.657577319177793
15,CHEMBL266703,CC/C(=C(/c1ccc(O)cc1)c1ccc(OCCN(C)CCOCCO/N=C/c2ccc(O)c(C(=O)NCNC3CC(O[C@H]4C[C@](O)(C(=O)CO)Cc5c(O)c6c(c(O)c54)C(=O)c4c(OC)cccc4C6=O)OC(C)C3O)c2)cc1)c1ccccc1,active,1179.2859999999998,6.177900000000011,9.0,20.0,6.522878745280337
16,CHEMBL316132,Oc1ccc2c(c1)S[C@H](C1CCCCCC1)[C@H](c1ccc(OCCN3CCCCC3)cc1)O2,active,467.67500000000035,6.821700000000007,1.0,5.0,7.6777807052660805
17,CHEMBL304552,Oc1ccc([C@H]2Sc3cc(O)ccc3O[C@H]2c2ccc(OCCN3CCCCC3)cc2)cc1,active,463.5990000000004,5.929600000000006,2.0,6.0,8.017728766960431
18,CHEMBL85881,Oc1ccc2c(c1)S[C@H](CC1CCCCC1)[C@H](c1ccc(OCCN3CCCCC3)cc1)O2,active,467.67500000000035,6.821700000000007,1.0,5.0,7.173925197299173
19,CHEMBL19481,CCC(c1ccccc1)C(c1ccc(O)cc1)c1ccc(OCCN(C)CCOCCO/N=C/c2ccc(O)c(C(N)=O)c2)cc1,active,625.7660000000003,5.900300000000007,3.0,8.0,6.823908740944319
20,CHEMBL85536,Oc1ccc2c(c1)S[C@H](Cc1ccccc1)[C@H](c1ccc(OCCN3CCCCC3)cc1)O2,active,461.6270000000004,6.0940000000000065,1.0,5.0,7.214670164989233
21,CHEMBL278308,CCC(c1ccccc1)C(c1ccc(O)cc1)c1ccc(OCCN(C)CCOCCOCCO/N=C/c2ccc(O)c(C(N)=O)c2)cc1,active,669.8190000000004,5.916900000000007,3.0,9.0,6.823908740944319
22,CHEMBL135,C[C@]12CC[C@@H]3c4ccc(O)cc4CC[C@H]3[C@@H]1CC[C@@H]2O,active,272.3879999999999,3.6092000000000026,2.0,2.0,8.823908740944319
23,CHEMBL266185,CC/C(=C(/c1ccc(O)cc1)c1ccc(OCCN(C)CCO/N=C/c2ccc(O)c(C(=O)NCNC3CC(O[C@H]4C[C@](O)(C(=O)CO)Cc5c(O)c6c(c(O)c54)C(=O)c4c(OC)cccc4C6=O)OC(C)C3O)c2)cc1)c1ccccc1,active,1135.233,6.16130000000001,9.0,19.0,6.522878745280337
24,CHEMBL315761,Oc1ccc2c(c1)S[C@H](c1ccco1)[C@H](c1ccc(OCCN3CCCCC3)cc1)O2,active,437.5610000000004,5.817000000000006,1.0,6.0,6.6777807052660805
25,CHEMBL419110,CC(C)(C)[C@H]1Sc2cc(O)ccc2O[C@H]1c1ccc(OCCN2CCCCC2)cc1,active,427.61000000000035,5.897400000000006,1.0,5.0,6.863279432843593
26,CHEMBL85650,CC(C)C[C@H]1Sc2cc(O)ccc2O[C@H]1c1ccc(OCCN2CCCCC2)cc1,active,427.61000000000035,5.897400000000006,1.0,5.0,7.119186407719209
27,CHEMBL19535,CCC(c1ccccc1)C(c1ccc(O)cc1)c1ccc(OCCN(C)CCO/N=C/c2ccc(O)c(C(N)=O)c2)cc1,active,581.7130000000003,5.883700000000007,3.0,7.0,6.522878745280337
28,CHEMBL19195,CC/C(=C(/c1ccc(O)cc1)c1ccc(OCN(C)C)cc1)c1ccccc1,active,373.49600000000004,5.659200000000006,1.0,3.0,8.301029995663981
29,CHEMBL313941,Oc1ccc(C[C@H]2Sc3cc(O)ccc3O[C@H]2c2ccc(OCCN3CCCCC3)cc2)cc1,active,477.62600000000043,5.799600000000006,2.0,6.0,7.853871964321762
30,CHEMBL313825,CC(C)[C@H]1Sc2cc(O)ccc2O[C@H]1c1ccc(OCCN2CCCCC2)cc1,active,413.58300000000037,5.507300000000005,1.0,5.0,6.896196279044043
31,CHEMBL410193,CC/C(=C(/c1ccc(O)cc1)c1ccc(OCCN(C)CCOCCOCCO/N=C/c2ccc(O)c(C(=O)NCNC3CC(O[C@H]4C[C@](O)(C(=O)CO)Cc5c(O)c6c(c(O)c54)C(=O)c4c(OC)cccc4C6=O)OC(C)C3O)c2)cc1)c1ccccc1,active,1223.339,6.19450000000001,9.0,21.0,6.698970004336019
32,CHEMBL315271,Oc1ccc2c(c1)S[C@H](CC1CCCC1)[C@H](c1ccc(OCCN3CCCCC3)cc1)O2,active,453.6480000000003,6.431600000000007,1.0,5.0,7.136677139879544
33,CHEMBL83,CC/C(=C(\c1ccccc1)c1ccc(OCCN(C)C)cc1)c1ccccc1,intermediate,371.524,5.9961000000000055,0.0,2.0,5.698970004336019
34,CHEMBL81,O=C(c1ccc(OCCN2CCCCC2)cc1)c1c(-c2ccc(O)cc2)sc2cc(O)ccc12,active,473.5940000000001,6.075200000000007,2.0,6.0,8.397940008672037
35,CHEMBL59146,O=C(c1ccc(OCCN2CCCCC2)cc1)N1c2ccc(O)cc2CCC1c1ccccc1,active,456.5860000000002,5.591200000000007,1.0,4.0,6.2076083105017466
36,CHEMBL60538,Oc1ccc2c(c1)CCC(c1ccccc1)N2Cc1ccc(OCCN2CCCCC2)cc1,active,442.6030000000004,5.951000000000007,1.0,4.0,6.309803919971486
37,CHEMBL56306,Oc1ccc(C2CCc3cc(O)ccc3N2Cc2ccc(OCCN3CCCC3)cc2)cc1,active,444.57500000000033,5.266500000000005,2.0,5.0,7.167491087293763
38,CHEMBL58688,Oc1cccc(C2CCc3cc(O)ccc3N2Cc2ccc(OCCN3CCCCC3)cc2)c1,active,458.6020000000004,5.656600000000006,2.0,5.0,6.4089353929735005
39,CHEMBL56166,O=C(c1ccc(OCCN2CCCCC2)cc1)N1c2ccc(O)cc2CCC1c1ccc(O)cc1,active,472.5850000000002,5.296800000000007,2.0,5.0,6.00436480540245
40,CHEMBL56390,Oc1ccc(C2CCc3cc(O)ccc3N2c2ccc(OCCN3CCCC3)cc2)cc1,active,430.54800000000034,5.398000000000006,2.0,5.0,6.309803919971486
41,CHEMBL2137046,CCC(=C(c1ccc(O)cc1)c1ccc(OCCN(C)C)cc1)c1ccccc1,active,387.523,5.701700000000005,1.0,3.0,8.585026652029182
42,CHEMBL59311,O=C(c1ccc(OCCN2CCCCC2)cc1)N1c2ccc(O)cc2CCC1c1cccc(O)c1,active,472.5850000000002,5.296800000000007,2.0,5.0,6.229147988357855
43,CHEMBL56198,Oc1ccc(C2CCc3cc(O)ccc3N2Cc2ccc(OCCN3CCCCC3)cc2)cc1,active,458.6020000000004,5.656600000000006,2.0,5.0,6.568636235841013
44,CHEMBL293297,Oc1ccc(C2CCc3cc(O)ccc3N2c2ccc(OCCN3CCCCC3)cc2)cc1,active,444.5750000000004,5.788100000000006,2.0,5.0,6.229147988357855
45,CHEMBL955,CCN(CC)CCOc1ccc(/C(=C(/Cl)c2ccccc2)c2ccc(O)c(OC)c2)cc1,active,451.99400000000014,6.276800000000007,1.0,4.0,6.107905397309519
46,CHEMBL292185,CCN(CC)CCOc1ccc(/C(=C(/Cl)c2ccc(O)c(OC)c2)c2ccccc2)cc1,intermediate,451.99400000000014,6.276800000000007,1.0,4.0,5.522878745280337
47,CHEMBL78526,CCCCC1C(c2ccc(O)cc2)=c2ccc3n2C1C=CC=3,active,291.394,3.1041000000000016,1.0,2.0,6.698970004336019
48,CHEMBL312193,CCCc1c(-c2ccc(O)cc2)c2ccc3cccc1n32,active,275.351,4.855400000000003,1.0,2.0,8.301029995663981
49,CHEMBL309916,CCc1c(-c2ccccc2)c2ccc3cc(O)cc1n32,intermediate,261.32399999999996,4.465300000000004,1.0,2.0,5.886056647693163
50,CHEMBL80124,CCc1c(-c2ccc(O)cc2)c2ccc3c(O)ccc1n32,active,277.323,4.170900000000002,2.0,3.0,9.045757490560675
51,CHEMBL77680,CCCC(C)C1C(c2ccc(O)cc2)=c2ccc3n2C1C=CC=3,active,305.421,3.350100000000002,1.0,2.0,6.022276394711152
52,CHEMBL309677,Oc1ccc(C2=c3ccc4n3C(C=CC=4)C2CCc2ccccc2)cc1,active,339.438,3.546700000000002,1.0,2.0,6.7447274948966935
53,CHEMBL80976,Oc1ccc(C2=c3ccc4n3C3C(=CC=4)CCCCC23)cc1,active,289.37799999999993,2.858100000000001,1.0,2.0,7.6020599913279625
54,CHEMBL80470,CCc1c(-c2cccc(O)c2)c2ccc3cccc1n32,active,261.32399999999996,4.465300000000003,1.0,2.0,6.431798275933005
55,CHEMBL308754,CCc1c(-c2ccccc2)c2ccc3c(O)ccc1n32,active,261.32399999999996,4.465300000000004,1.0,2.0,6.7447274948966935
56,CHEMBL420017,CCc1c(-c2ccc(O)cc2)c2ccc3cccc1n32,active,261.32399999999996,4.465300000000003,1.0,2.0,8.022276394711152
57,CHEMBL407164,CCc1c(-c2ccc(O)cc2)c2ccc3ccc(CO)c1n32,active,291.34999999999997,3.9576000000000033,2.0,3.0,7.920818753952375
58,CHEMBL80560,Oc1ccc(C2=c3ccc4n3C3C(=CC=4)CCCC23)cc1,active,275.35099999999994,2.468000000000001,1.0,2.0,7.522878745280337
59,CHEMBL76909,CCc1c(-c2ccc(O)cc2)c2ccc3cc(O)cc1n32,active,277.323,4.170900000000003,2.0,3.0,9.045757490560675
60,CHEMBL308872,Cc1c(-c2ccc(O)cc2)c2ccc3cccc1n32,active,247.297,4.211320000000002,1.0,2.0,7.552841968657781
61,CHEMBL312655,CC(C)c1c(-c2ccc(O)cc2)c2ccc3cccc1n32,active,275.351,5.026300000000004,1.0,2.0,8.096910013008056
62,CHEMBL80983,Oc1ccc(-c2cc3cccc4ccc2n43)cc1,active,233.27,3.9029000000000025,1.0,2.0,6.154901959985743
63,CHEMBL1908373,CN(C)c1ccc([C@H]2C[C@]3(C)[C@@H](CC[C@]3(O)CCCO)[C@@H]3CCC4=CC(=O)CCC4=C32)cc1,active,449.6350000000003,5.155700000000006,2.0,4.0,6.0
64,CHEMBL162569,C[C@@H]1c2cc3c(C(F)(F)F)cc(O)nc3cc2N[C@@H]1C,inactive,282.26500000000004,3.8767000000000014,2.0,3.0,5.0
65,CHEMBL351465,C[C@@H]1Cc2cc3c(C(F)(F)F)cc(O)nc3cc2N1,inactive,268.23799999999994,3.3157000000000014,2.0,3.0,5.0
66,CHEMBL350932,Oc1cc(C(F)(F)F)c2cc3c(cc2n1)N[C@@H]1CCCC[C@H]31,inactive,308.30300000000017,4.4109000000000025,2.0,3.0,5.0
67,CHEMBL161892,CN1c2cc3c(cc2[C@H]2CCCC[C@H]21)c(C(F)(F)F)cc(=O)n3C,inactive,336.35699999999997,4.033300000000003,0.0,3.0,5.0
68,CHEMBL423620,CC1(C)CCC[C@]2(C)c3cc4c(C(F)(F)F)cc(O)nc4cc3N[C@H]12,inactive,350.384,5.221100000000004,2.0,3.0,5.0
69,CHEMBL176509,O=C(C1=C(c2ccc(O)cc2)CCc2cc(O)ccc21)c1ccc(OCCN2CCCCC2)cc1,active,469.58100000000036,5.702400000000006,2.0,5.0,7.136677139879544
70,CHEMBL2112949,Oc1ccc2c3c(ccc2c1)-c1ccccc1C3c1ccc(OCCN2CCCCC2)cc1,active,435.56700000000035,6.570700000000007,1.0,3.0,6.130768280269024
71,CHEMBL2112950,Oc1ccc2c(c1)C(c1ccc(OCCN3CCCCC3)cc1)c1c-2ccc2cc(O)ccc12,active,451.56600000000014,6.276300000000006,2.0,4.0,6.903089986991944
72,CHEMBL367432,O=C(C1=C(c2ccccc2)CCc2cc(O)ccc21)c1ccc(OCCN2CCCCC2)cc1,intermediate,453.58200000000033,5.996800000000007,1.0,4.0,5.782516055786093
73,CHEMBL163425,Cn1c(=O)cc(C(F)(F)F)c2cc3c(cc21)N[C@@H]1CCCC[C@H]31,inactive,322.33000000000015,4.009000000000002,1.0,3.0,5.0
74,CHEMBL351447,C[C@]12CCCC[C@H]1Nc1cc3nc(O)cc(C(F)(F)F)c3cc12,inactive,322.33000000000004,4.5850000000000035,2.0,3.0,5.0
75,CHEMBL10030,O=C(c1ccc(OCCN2CCCC2)cc1)c1c(-c2ccc(O)cc2)sc2cc(O)ccc12,active,459.56700000000006,5.6851000000000065,2.0,6.0,6.920818753952375
76,CHEMBL165803,C[C@H]1CC[C@H]2Nc3cc4c(cc3[C@H]2C1)c(C(F)(F)F)cc(=O)n4C,inactive,336.357,4.255000000000003,1.0,3.0,5.0
77,CHEMBL103,CC(=O)[C@H]1CC[C@H]2[C@@H]3CCC4=CC(=O)CC[C@]4(C)[C@H]3CC[C@]12C,active,314.46900000000005,4.723500000000005,0.0,2.0,6.0
78,CHEMBL62700,CC1=CC(C)(C)Nc2ccc3c(c21)/C(=C/Br)Oc1ccc(F)cc1-3,active,386.2640000000001,6.185800000000004,1.0,2.0,6.0
79,CHEMBL65929,CC1=CC(C)(C)Nc2ccc3c(c21)C(=C1SCCCS1)Oc1ccc(F)cc1-3,active,411.5670000000001,6.988700000000005,1.0,4.0,6.199970640755866
80,CHEMBL292284,CC(=O)C[C@]1(C(C)=O)CC[C@H]2C3C[C@H](C)C4=CC(=O)CC[C@]4(C)[C@H]3CC[C@@]21C,active,384.5600000000003,5.318800000000006,0.0,3.0,6.0
81,CHEMBL65690,CC(C)=C/C=C1\Oc2ccc(F)cc2-c2ccc3c(c21)C(C)=CC(C)(C)N3,active,361.4600000000001,6.799600000000005,1.0,2.0,6.0
82,CHEMBL1628161,C#C[C@]1(O)CC[C@H]2[C@@H]3CCc4cc(O)ccc4[C@H]3[C@@H](OC)C[C@@]21C,active,326.43600000000015,3.2375000000000016,2.0,3.0,8.602059991327963
83,CHEMBL150735,O=C(c1ccc(SCCN2CCCCC2)cc1)c1c(-c2ccc(O)cc2)sc2cc(O)ccc12,active,489.66200000000015,6.788500000000006,2.0,6.0,9.045757490560675
84,CHEMBL423035,O=C(c1ccc(S(=O)(=O)CCN2CCCCC2)cc1)c1c(-c2ccc(O)cc2)sc2cc(O)ccc12,active,521.6600000000001,5.470100000000007,2.0,7.0,7.522878745280337
85,CHEMBL150970,CN(CCN1CCCCC1)c1ccc(C(=O)c2c(-c3ccc(O)cc3)sc3cc(O)ccc23)cc1,active,486.6370000000001,6.132600000000007,2.0,6.0,8.0
86,CHEMBL146765,COc1ccc(-c2sc3cc(OC)ccc3c2C(=O)c2ccc(S(=O)(=O)CCN3CCCCC3)cc2)cc1,active,549.7140000000005,6.0761000000000065,0.0,7.0,6.0
87,CHEMBL151318,O=C(c1ccc(CCCN2CCCCC2)cc1)c1c(-c2ccc(O)cc2)sc2cc(O)ccc12,active,471.62200000000007,6.629000000000007,2.0,5.0,8.0
88,CHEMBL151400,COc1ccc(-c2sc3cc(OC)ccc3c2C(=O)c2ccc(CCCN3CCCCC3)cc2)cc1,active,499.67600000000044,7.235000000000007,0.0,5.0,6.0
89,CHEMBL150492,O=C(c1ccc(NCCN2CCCCC2)cc1)c1c(-c2ccc(O)cc2)sc2cc(O)ccc12,active,472.61000000000007,6.108300000000006,3.0,6.0,8.698970004336019
90,CHEMBL51093,C=C1CC[C@@H](Br)C(C)(C)[C@H]1Cc1cc(OC)c(Br)cc1O,inactive,418.16900000000004,5.461700000000005,1.0,2.0,5.0
91,CHEMBL50023,C=C1C=C(C)CC(C)(C)C1Cc1ccc([N+](=O)[O-])cc1,inactive,271.35999999999996,4.685900000000005,0.0,2.0,5.0
92,CHEMBL1276308,CC#C[C@]1(O)CC[C@H]2[C@@H]3CCC4=CC(=O)CCC4=C3[C@@H](c3ccc(N(C)C)cc3)C[C@@]21C,inactive,429.6040000000001,5.406500000000006,1.0,3.0,5.0
93,CHEMBL417729,C=C1CCCC(C)(C)[C@H]1Cc1cc(OC)c(Br)cc1O,inactive,339.273,5.088300000000005,1.0,2.0,5.0
94,CHEMBL51639,C=C1CC[C@@H](Br)C(C)(C)[C@@H]1Cc1cc(OC)c(Br)cc1O,inactive,418.16900000000004,5.461700000000005,1.0,2.0,5.0
95,CHEMBL2112311,CC[C@H]1c2cc3c(C(F)(F)F)cc(=O)oc3cc2NC[C@H]1C,intermediate,311.303,4.3670000000000035,1.0,3.0,5.508638306165727
96,CHEMBL6843,CCC1CCNc2cc3oc(=O)cc(C(F)(F)F)c3cc21,inactive,297.276,4.121000000000003,1.0,3.0,5.0
97,CHEMBL2112312,CC[C@@H]1c2cc3c(C(F)(F)F)cc(=O)oc3cc2NC[C@H]1C,inactive,311.303,4.3670000000000035,1.0,3.0,5.0
98,CHEMBL415289,CC1CCNc2cc3oc(=O)cc(C(F)(F)F)c3cc21,inactive,283.24899999999997,3.7309000000000028,1.0,3.0,5.0
99,CHEMBL7289,CC1(C)CCc2cc3c(C(F)(F)F)cc(=O)oc3cc2N1,inactive,297.27599999999995,3.948500000000003,1.0,3.0,5.0
100,CHEMBL2112310,CC[C@@H]1CNc2cc3oc(=O)cc(C(F)(F)F)c3cc2[C@H]1CC,inactive,325.33000000000004,4.757100000000003,1.0,3.0,5.0
101,CHEMBL6654,CCC1Nc2cc3oc(=O)cc(C(F)(F)F)c3cc2CC1C,inactive,311.30300000000005,4.194500000000002,1.0,3.0,5.0
102,CHEMBL6441,CC1=CC(C)(C)Nc2cc3oc(=O)cc(C(F)(F)F)c3cc21,inactive,309.28700000000003,4.419200000000003,1.0,3.0,5.0
103,CHEMBL267270,O=c1cc(C(F)(F)F)c2cc3c(cc2o1)NCCC3C(F)(F)F,inactive,337.219,4.273300000000002,1.0,3.0,5.0
104,CHEMBL6855,CCCC1CCNc2cc3oc(=O)cc(C(F)(F)F)c3cc21,inactive,311.303,4.511100000000003,1.0,3.0,5.0
105,CHEMBL38222,CCCCC(=C(c1ccc(O)cc1)c1ccc(O)cc1)c1ccc(O)cc1,active,360.4530000000001,5.952700000000007,3.0,3.0,6.619788758288394
106,CHEMBL38103,CC(=C(c1ccc(O)cc1)c1ccc(O)cc1)c1ccc(O)cc1,active,318.372,4.782400000000005,3.0,3.0,7.823908740944319
107,CHEMBL34709,Oc1ccc(C=C(c2ccc(O)cc2)c2ccc(O)cc2)cc1,active,304.345,4.392300000000002,3.0,3.0,6.698970004336019
108,CHEMBL37775,CCC(=C(c1ccc(O)cc1)c1ccc(O)cc1)c1ccc(O)cc1,active,332.399,5.172500000000006,3.0,3.0,8.0
109,CHEMBL38266,CCCC(=C(c1ccc(O)cc1)c1ccc(O)cc1)c1ccc(O)cc1,active,346.42600000000004,5.562600000000007,3.0,3.0,7.154901959985743
110,CHEMBL13245,CCCCC/C=C(\c1ccc(O)cc1)c1ccc(OCCN(CC)CC)cc1,intermediate,381.56000000000023,6.124800000000008,1.0,3.0,5.494850021680094
111,CHEMBL276204,CCCCCCCC/C=C(/c1ccc(O)cc1)c1ccc(OCCN(CC)CC)cc1,intermediate,423.6410000000003,7.2951000000000095,1.0,3.0,5.455931955649724
112,CHEMBL12711,CCCCCCCCCCCCCC/C=C(/c1ccc(O)cc1)c1ccc(OCCN(CC)CC)cc1,intermediate,507.8030000000003,9.6357,1.0,3.0,5.096910013008056
113,CHEMBL12710,CCCCC/C=C(\c1ccc(O)cc1)c1ccc(OCCN2CCCC2)cc1,intermediate,379.54400000000027,5.878800000000007,1.0,3.0,5.481486060122113
114,CHEMBL13273,CCCCCC=C(c1ccc(OCCN(CC)CC)cc1)c1ccc(OCCN(CC)CC)cc1,intermediate,480.73700000000025,7.139800000000008,0.0,4.0,5.221848749616356
115,CHEMBL13167,CC(C)N(CCOc1ccc(C(=C2CCCCC2)c2ccc(OCCN(C(C)C)C(C)C)cc2)cc1)C(C)C,intermediate,534.8290000000002,8.447800000000008,0.0,4.0,5.6777807052660805
116,CHEMBL273902,CCN(CC)CCOc1ccc(/C(=C/C(C)C)c2ccc(O)cc2)cc1,intermediate,353.50600000000003,5.200500000000006,1.0,3.0,5.769551078621726
117,CHEMBL13494,CCCCCCCCCCCCCC/C=C(\c1ccc(O)cc1)c1ccc(OCCN(CC)CC)cc1,intermediate,507.8030000000003,9.6357,1.0,3.0,5.022276394711152
118,CHEMBL13251,CCN(CC)CCOc1ccc(/C(=C\Cc2ccccc2)c2ccc(O)cc2)cc1,intermediate,401.55000000000007,5.787200000000007,1.0,3.0,5.886056647693163
119,CHEMBL12867,CCN(CC)CCOc1ccc(/C(=C/Cc2ccccc2)c2ccc(O)cc2)cc1,intermediate,401.55000000000007,5.787200000000007,1.0,3.0,5.769551078621726
120,CHEMBL13289,CCN(CC)CCOc1ccc(/C(=C\C(C)C)c2ccc(O)cc2)cc1,active,353.50600000000003,5.200500000000006,1.0,3.0,6.301029995663981
121,CHEMBL12865,CCCC/C=C(\c1ccc(O)cc1)c1ccc(OCCN(CC)CC)cc1,intermediate,367.53300000000013,5.7347000000000055,1.0,3.0,5.823908740944319
122,CHEMBL269420,CCCCCC/C=C(\c1ccc(O)cc1)c1ccc(OCCN(CC)CC)cc1,intermediate,395.5870000000003,6.514900000000009,1.0,3.0,5.6020599913279625
123,CHEMBL13490,CCCCCCCC/C=C(\c1ccc(O)cc1)c1ccc(OCCN(CC)CC)cc1,intermediate,423.6410000000003,7.2951000000000095,1.0,3.0,5.327902142064283
124,CHEMBL1237293,CCCC/C(CC)=C(/c1ccc(O)cc1)c1ccc(OCCN(CC)CC)cc1.CCCC/C(CC)=C(\c1ccc(O)cc1)c1ccc(OCCN(CC)CC)cc1,active,395.5870000000003,6.514900000000009,1.0,3.0,6.823908740944319
125,CHEMBL13510,CCCCCC/C=C(/c1ccc(O)cc1)c1ccc(OCCN(CC)CC)cc1,intermediate,395.5870000000003,6.514900000000009,1.0,3.0,5.721246399047171
126,CHEMBL269227,CCCCC/C=C(/c1ccc(O)cc1)c1ccc(OCCN(C)C)cc1,intermediate,353.50600000000014,5.344600000000006,1.0,3.0,5.823908740944319
127,CHEMBL13489,CCCCC/C=C(/c1ccc(O)cc1)c1ccc(OCCN(CC)CC)cc1,active,381.56000000000023,6.124800000000008,1.0,3.0,6.045757490560675
128,CHEMBL12959,CCCC/C=C(/c1ccc(O)cc1)c1ccc(OCCN(CC)CC)cc1,active,367.53300000000013,5.7347000000000055,1.0,3.0,6.301029995663981
129,CHEMBL273663,CC(C)N(CCOc1ccc(C(=C2CCCCC2)c2ccc(O)cc2)cc1)C(C)C,active,407.59800000000007,6.655800000000008,1.0,3.0,6.698970004336019
130,CHEMBL13163,CC(C)C=C(c1ccc(OCCN(C(C)C)C(C)C)cc1)c1ccc(OCCN(C(C)C)C(C)C)cc1,intermediate,508.7910000000003,7.769500000000009,0.0,4.0,5.508638306165727
131,CHEMBL13081,CCCCC/C=C(\c1ccc(O)cc1)c1ccc(OCCN(C)C)cc1,intermediate,353.50600000000014,5.344600000000006,1.0,3.0,5.7447274948966935
132,CHEMBL117887,COc1ccc(-c2cc(=O)c3c(N)cccc3o2)cc1,inactive,267.284,3.0508000000000006,1.0,4.0,4.0
133,CHEMBL116464,CC(=O)Nc1ccc(-c2cc(=O)c3c(N)cccc3o2)cc1,inactive,294.31,3.0006000000000004,2.0,4.0,4.0
134,CHEMBL424623,CCCNc1ccc(-c2cc(=O)c3c(N)cccc3o2)cc1,inactive,294.354,3.8641000000000014,2.0,4.0,4.0
135,CHEMBL28,O=c1cc(-c2ccc(O)cc2)oc2cc(O)cc(O)c12,inactive,270.24,2.576800000000001,3.0,5.0,4.853871964321762
136,CHEMBL119088,CNc1ccc(-c2cc(=O)c3c(N)cccc3o2)cc1,inactive,266.29999999999995,3.0839000000000008,2.0,4.0,4.0
137,CHEMBL117277,CCCCNc1ccc(-c2cc(=O)c3c(N)cccc3o2)cc1,inactive,308.38100000000003,4.254200000000003,2.0,4.0,4.0
138,CHEMBL116344,N#Cc1ccc(-c2cc(=O)c3c(N)cccc3o2)cc1,inactive,262.268,2.9138800000000007,1.0,4.0,4.0
139,CHEMBL117688,CCNc1ccc(-c2cc(=O)c3c(N)cccc3o2)cc1,inactive,280.32699999999994,3.474000000000001,2.0,4.0,4.0
140,CHEMBL116026,Nc1cccc2oc(-c3ccc(O)cc3)cc(=O)c12,inactive,253.257,2.7478000000000007,2.0,4.0,4.7447274948966935
141,CHEMBL116514,CN(C)c1ccc(-c2cc(=O)c3c(N)cccc3o2)cc1,inactive,280.32699999999994,3.108200000000001,1.0,4.0,4.0
142,CHEMBL117587,Nc1cccc2oc(-c3ccc(NCc4ccccc4)cc3)cc(=O)c12,inactive,342.3980000000001,4.654300000000003,2.0,4.0,4.0
143,CHEMBL443540,Nc1cccc2oc(-c3ccccc3)cc(=O)c12,inactive,237.258,3.042200000000001,1.0,3.0,4.0
144,CHEMBL115811,Nc1cccc2oc(-c3ccc(Br)cc3)cc(=O)c12,inactive,316.15400000000005,3.8047000000000013,1.0,3.0,4.0
145,CHEMBL56415,Nc1ccc(-c2cc(=O)c3c(N)cccc3o2)cc1,inactive,252.273,2.6244000000000005,2.0,4.0,4.0
146,CHEMBL44,O=c1c(-c2ccc(O)cc2)coc2cc(O)cc(O)c12,active,270.24,2.576800000000001,3.0,5.0,6.00436480540245
147,CHEMBL1628147,C[C@]12C[C@H](CCCCNC(=O)CBr)[C@@H]3c4ccc(O)cc4CC[C@H]3[C@@H]1CC[C@@H]2O,active,464.4440000000003,4.516700000000004,3.0,3.0,6.494850021680094
148,CHEMBL1628165,C[C@]12C[C@H](CCCCOS(C)(=O)=O)[C@@H]3c4ccc(O)cc4CC[C@H]3[C@@H]1CC[C@@H]2O,active,422.5870000000003,3.981800000000004,2.0,5.0,8.221848749616356
149,CHEMBL303196,CN(C)CCOc1ccc(/C(=C(/CCO)c2ccccc2)c2ccccc2)cc1,active,387.523,4.968500000000004,1.0,3.0,8.154901959985743
150,CHEMBL1627458,Cc1ccc(S(=O)(=O)OCCCCCCCCCC[C@H]2C[C@]3(C)[C@@H](O)CC[C@H]3[C@@H]3CCc4cc(O)ccc4[C@@H]23)cc1,active,582.8470000000003,8.06012000000001,2.0,5.0,8.397940008672037
151,CHEMBL1627893,C[C@]12C[C@H](CCCCBr)[C@@H]3c4ccc(O)cc4CC[C@H]3[C@@H]1CC[C@@H]2O,active,407.3920000000002,5.400500000000007,2.0,2.0,8.522878745280337
152,CHEMBL137103,CC1=CC(C)(C)Nc2ccc3c(c21)/C(=C/c1cc(F)ccc1F)Oc1ccccc1-3,inactive,401.4560000000001,7.129700000000005,1.0,2.0,5.0
153,CHEMBL134421,CC1=CC(C)(C)Nc2ccc3c(c21)/C(=C/c1ccccc1)Oc1ccccc1-3,inactive,365.4760000000001,6.851500000000006,1.0,2.0,5.0
154,CHEMBL342426,CC1=CC(C)(C)Nc2ccc3c(c21)/C(=C/c1ccc(F)c(F)c1)Oc1ccccc1-3,inactive,401.45600000000013,7.129700000000005,1.0,2.0,5.0
155,CHEMBL32812,CC1=CC(C)(C)Nc2ccc3c(c21)/C(=C/c1cccc(F)c1)Oc1ccccc1-3,inactive,383.4660000000001,6.990600000000005,1.0,2.0,5.0
156,CHEMBL302362,CC1=CC(C)(C)Nc2ccc3c(c21)/C(=C/c1ccccc1C)Oc1ccccc1-3,active,379.50300000000016,7.159920000000006,1.0,2.0,7.698970004336019
157,CHEMBL136322,CC1(C)OC(=O)Nc2ccc(-c3cc(F)cc(C#N)c3)cc21,inactive,296.301,4.1615800000000025,1.0,3.0,5.0
158,CHEMBL343306,CC1(C)OC(=O)Nc2ccc(-c3ccc(F)c(Cl)c3)cc21,inactive,305.73600000000005,4.9433000000000025,1.0,2.0,5.0
159,CHEMBL47217,CCOC(=O)c1ccc(-c2sc3cc(O)ccc3c2C(=O)c2ccc(OCCN3CCCCC3)cc2)cc1,active,529.6580000000005,6.546300000000008,1.0,7.0,7.301029995663981
160,CHEMBL416268,NC(=O)c1ccc(-c2sc3cc(O)ccc3c2C(=O)c2ccc(OCCN3CCCCC3)cc2)cc1,active,500.6200000000004,5.468500000000005,2.0,6.0,6.698970004336019
161,CHEMBL297996,COC(=O)c1ccc(-c2sc3cc(O)ccc3c2C(=O)c2ccc(OCCN3CCCCC3)cc2)cc1,active,515.6310000000005,6.156200000000007,1.0,7.0,7.301029995663981
162,CHEMBL46921,CN(C)C(=O)c1ccc(-c2sc3cc(O)ccc3c2C(=O)c2ccc(OCCN3CCCCC3)cc2)cc1,active,528.6740000000005,6.071400000000007,1.0,6.0,7.698970004336019
163,CHEMBL297549,C=Cc1ccc(-c2sc3cc(O)ccc3c2C(=O)c2ccc(OCCN3CCCCC3)cc2)cc1,active,483.6330000000004,7.012600000000008,1.0,5.0,8.154901959985743
164,CHEMBL45107,CCOP(=O)(OCC)c1ccc2c(C(=O)c3ccc(OCCN4CCCCC4)cc3)c(-c3ccc(O)cc3)sc2c1,active,593.6820000000005,7.261000000000008,1.0,8.0,6.698970004336019
165,CHEMBL171483,COC(=O)c1ccc(-c2sc3ccccc3c2C(=O)c2ccc(OCCN3CCCCC3)cc2)cc1,active,499.6320000000004,6.450600000000007,0.0,6.0,6.0
166,CHEMBL170427,CCCCOC(=O)c1ccc2c(C(=O)c3ccc(OCCN4CCCCC4)cc3)c(-c3ccc(O)cc3)sc2c1,active,557.7120000000003,7.326500000000008,1.0,7.0,7.3979400086720375
167,CHEMBL353709,COC(=O)c1ccc2c(C(=O)c3ccc(OCCN4CCCCC4)cc3)c(-c3ccccc3)sc2c1,active,499.6320000000003,6.450600000000006,0.0,6.0,6.0
168,CHEMBL170884,CNC(=O)c1ccc(-c2sc3cc(O)ccc3c2C(=O)c2ccc(OCCN3CCCCC3)cc2)cc1,active,514.6470000000005,5.729200000000006,2.0,6.0,7.3979400086720375
169,CHEMBL170995,COC(=O)c1ccc(-c2sc3cc(C(=O)OC)ccc3c2C(=O)c2ccc(OCCN3CCCCC3)cc2)cc1,active,557.6680000000005,6.237200000000007,0.0,8.0,6.0
170,CHEMBL416088,CC(=O)c1ccc(-c2sc3cc(O)ccc3c2C(=O)c2ccc(OCCN3CCCCC3)cc2)cc1,active,499.6320000000004,6.572200000000007,1.0,6.0,7.494850021680094
171,CHEMBL297813,CC(=O)c1ccc2c(C(=O)c3ccc(OCCN4CCCCC4)cc3)c(-c3ccc(O)cc3)sc2c1,active,499.63200000000023,6.572200000000007,1.0,6.0,7.221848749616356
172,CHEMBL297830,CCOP(=O)(OCC)c1ccc(-c2sc3cc(O)ccc3c2C(=O)c2ccc(OCCN3CCCCC3)cc2)cc1,active,593.6820000000002,7.261000000000009,1.0,8.0,6.6777807052660805
173,CHEMBL297782,NC(=O)c1ccc2c(C(=O)c3ccc(OCCN4CCCCC4)cc3)c(-c3ccc(O)cc3)sc2c1,active,500.6200000000003,5.468500000000006,2.0,6.0,6.0
174,CHEMBL47811,C#Cc1ccc2c(C(=O)c3ccc(OCCN4CCCCC4)cc3)c(-c3ccc(O)cc3)sc2c1,active,481.6170000000002,6.350900000000006,1.0,5.0,7.698970004336019
175,CHEMBL169162,COC(=O)c1ccc2c(C(=O)c3ccc(OCCN4CCCCC4)cc3)c(-c3ccc(O)cc3)sc2c1,active,515.6310000000003,6.156200000000006,1.0,7.0,7.522878745280337
176,CHEMBL295540,O=C(O)c1ccc(-c2sc3cc(O)ccc3c2C(=O)c2ccc(OCCN3CCCCC3)cc2)cc1,active,501.6040000000004,6.067800000000006,2.0,6.0,6.488116639021126
177,CHEMBL43779,C#Cc1ccc(-c2sc3cc(O)ccc3c2C(=O)c2ccc(OCCN3CCCCC3)cc2)cc1,active,481.6170000000004,6.350900000000006,1.0,5.0,9.096910013008056
178,CHEMBL170001,N#Cc1ccc(-c2sc3cc(O)ccc3c2C(=O)c2ccc(OCCN3CCCCC3)cc2)cc1,active,482.60500000000036,6.241280000000006,1.0,6.0,8.096910013008056
179,CHEMBL355304,CC(C)COC(=O)c1ccc2c(C(=O)c3ccc(OCCN4CCCCC4)cc3)c(-c3ccc(O)cc3)sc2c1,active,557.7120000000003,7.182400000000008,1.0,7.0,7.3979400086720375
180,CHEMBL556034,Cl.O=C(c1ccc(OCCN2CCCCC2)cc1)c1c(-c2ccccc2)sc2cc(O)ccc12,active,457.5950000000001,6.369600000000006,1.0,5.0,8.602059991327963
181,CHEMBL295907,O=C(c1ccc(OCCN2CCCCC2)cc1)c1c(-c2ccc(-c3ccccc3)cc2)sc2cc(O)ccc12,active,533.6930000000001,8.036600000000007,1.0,5.0,7.0
182,CHEMBL544964,Cl.O=C(c1ccc(OCCN2CCCCC2)cc1)c1c(-c2ccc(Cl)cc2)sc2cc(O)ccc12,active,492.0400000000001,7.023000000000006,1.0,5.0,9.0
183,CHEMBL47358,O=C(c1ccc(OCCN2CCCCC2)cc1)c1c(-c2ccc(O)cc2)sc2cc(O)c(F)cc12,active,491.5840000000001,6.214300000000006,2.0,6.0,8.522878745280337
184,CHEMBL44643,O=C(c1ccc(OCCN2CCCCC2)cc1)c1c(-c2cc[n+]([O-])cc2)sc2cc(O)ccc12,active,474.5820000000001,5.003000000000005,1.0,6.0,7.0
185,CHEMBL46937,CCCCc1ccc(-c2sc3cc(O)ccc3c2C(=O)c2ccc(OCCN3CCCCC3)cc2)cc1,active,513.7030000000004,7.712200000000009,1.0,5.0,8.0
186,CHEMBL296526,COc1ccc2c(C(=O)c3ccc(OCCN4CCCCC4)cc3)c(-c3ccc4c(c3)OCO4)sc2c1,active,515.6310000000003,6.401300000000006,0.0,7.0,6.301029995663981
187,CHEMBL44797,Cc1cc(-c2sc3cc(O)ccc3c2C(=O)c2ccc(OCCN3CCCCC3)cc2)cc(C)c1O,active,501.6480000000004,6.692040000000008,2.0,6.0,7.0
188,CHEMBL47944,O=C(c1ccc(OCCN2CCCCC2)cc1)c1c(C2CCCCC2)sc2cc(O)ccc12,active,463.64300000000026,6.750300000000008,1.0,5.0,8.602059991327963
189,CHEMBL416810,CCc1ccc(-c2sc3cc(O)ccc3c2C(=O)c2ccc(OCCN3CCCCC3)cc2)cc1,active,485.6490000000004,6.932000000000008,1.0,5.0,8.301029995663981
190,CHEMBL45461,CNC(=O)c1ccc(-c2sc3cc(O)ccc3c2C(=O)c2ccc(OCCN3CCCCC3)cc2)cc1.O=C(O)C(F)(F)F,active,514.6470000000005,5.729200000000006,2.0,6.0,7.3979400086720375
191,CHEMBL42018,O=C(c1ccc(OCCN2CCCCC2)cc1)c1c(-c2ccncc2)sc2cc(O)ccc12,active,458.5830000000001,5.764600000000006,1.0,6.0,7.0
192,CHEMBL45120,CCSCc1ccc(-c2sc3cc(O)ccc3c2C(=O)c2ccc(OCCN3CCCCC3)cc2)cc1,active,531.7430000000005,7.622700000000009,1.0,6.0,7.0
193,CHEMBL296759,Cc1c(O)cc(C)c2c(C(=O)c3ccc(OCCN4CCCCC4)cc3)c(-c3ccc(O)cc3)sc12,active,501.6480000000003,6.692040000000007,2.0,6.0,7.0
194,CHEMBL47821,O=C(c1ccc(OCCN2CCCCC2)cc1)c1c(-c2ccc(O)c(Cl)c2)sc2cc(O)ccc12,active,508.0390000000001,6.728600000000006,2.0,6.0,8.638272163982407
195,CHEMBL46806,O=C(c1ccc(OCCN2CCCCC2)cc1)c1c(-c2ccccc2O)sc2cc(O)ccc12,active,473.5940000000001,6.075200000000007,2.0,6.0,8.0
196,CHEMBL44158,COc1cc(O)ccc1-c1sc2cc(O)ccc2c1C(=O)c1ccc(OCCN2CCCCC2)cc1,active,503.62000000000046,6.083800000000006,2.0,7.0,8.698970004336019
197,CHEMBL44940,O=C(c1ccc(OCCN2CCCCC2)cc1)c1c(-c2cccc3ccccc23)sc2cc(O)ccc12,active,507.65500000000014,7.522800000000006,1.0,5.0,9.096910013008056
198,CHEMBL540790,Cl.O=C(c1ccc(OCCN2CCCCC2)cc1)c1c(-c2ccc(F)cc2)sc2cc(O)ccc12,active,475.5850000000001,6.508700000000006,1.0,5.0,8.638272163982407
199,CHEMBL44792,COc1ccc2c(C(=O)c3ccc(OCCN4CCCCC4)cc3)c(-c3ccccc3)sc2c1,active,471.6220000000002,6.672600000000006,0.0,5.0,6.0
200,CHEMBL296875,CC(C)c1sc2cc(O)ccc2c1C(=O)c1ccc(OCCN2CCCCC2)cc1,active,423.5780000000004,5.826000000000007,1.0,5.0,8.522878745280337
201,CHEMBL538986,Cl.O=C(c1ccc(OCCN2CCCCC2)cc1)c1c(-c2ccccc2)sc2ccccc12,active,441.59600000000006,6.664000000000006,0.0,4.0,6.522878745280337
202,CHEMBL544251,Cc1ccc(-c2sc3cc(O)ccc3c2C(=O)c2ccc(OCCN3CCCCC3)cc2)cc1.Cl,active,471.62200000000036,6.678020000000007,1.0,5.0,7.301029995663981
203,CHEMBL44634,O=C(c1ccc(OCCN2CCCCC2)cc1)c1c(-c2ccc(O)cc2)sc2ccc(O)cc12,active,473.5940000000001,6.075200000000007,2.0,6.0,7.0
204,CHEMBL47087,O=C(c1ccc(OCCN2CCCCC2)cc1)c1c(-c2ccc([N+](=O)[O-])cc2)sc2cc(O)ccc12,active,502.59200000000016,6.277800000000006,1.0,7.0,6.301029995663981
205,CHEMBL46409,O=C(c1ccc(OCCN2CCCCC2)cc1)c1c(-c2cccs2)sc2cc(O)ccc12,active,463.6240000000001,6.431100000000006,1.0,6.0,7.698970004336019
206,CHEMBL42707,O=C(c1ccc(OCCN2CCCCC2)cc1)c1c(-c2ccc(O)cc2)sc2cccc(O)c12,active,473.5940000000001,6.075200000000007,2.0,6.0,6.721246399047171
207,CHEMBL45386,Cc1cc2c(C(=O)c3ccc(OCCN4CCCCC4)cc3)c(-c3ccc(O)cc3)sc2c(C)c1O,active,501.6480000000002,6.692040000000007,2.0,6.0,6.301029995663981
208,CHEMBL431141,O=C(c1ccc(OCCN2CCCCC2)cc1)c1c(-c2ccc(O)cc2)sc2cc(O)cc(O)c12,active,489.59300000000013,5.780800000000006,3.0,7.0,6.455931955649724
209,CHEMBL47464,COc1ccc2c(C(=O)c3ccc(OCCN4CCCCC4)cc3)c(-c3ccc(O)cc3)sc2c1,active,487.6210000000002,6.378200000000006,1.0,6.0,6.6020599913279625
210,CHEMBL297052,O=C(c1ccc(OCCN2CCCCC2)cc1)c1c(-c2ccc(O)cc2)sc2cc(O)c3ccccc3c12,active,523.6540000000001,7.228400000000007,2.0,6.0,6.301029995663981
211,CHEMBL555102,COc1ccc(-c2sc3cc(OC)ccc3c2C(=O)c2ccc(OCCN3CCCCC3)cc2)cc1.Cl,active,501.6480000000004,6.681200000000008,0.0,6.0,6.522878745280337
212,CHEMBL264302,COc1ccc(-c2sc3cc(O)ccc3c2C(=O)c2ccc(OCCN3CCCCC3)cc2)cc1,active,487.62100000000044,6.378200000000007,1.0,6.0,6.0
213,CHEMBL1160091,COc1ccc(-c2sc3ccccc3c2C(=O)c2ccc(OCCN3CCCCC3)cc2)cc1.O=C(O)CC(O)(CC(=O)O)C(=O)O,active,471.62200000000036,6.672600000000007,0.0,5.0,7.0
214,CHEMBL47012,O=C(c1ccc(OCCN2CCCCC2)cc1)c1c(Cc2ccc(O)cc2)sc2cc(O)ccc12,active,487.62100000000015,5.999000000000007,2.0,6.0,8.301029995663981
215,CHEMBL544727,Cl.O=C(c1ccc(OCCN2CCCCC2)cc1)c1c(-c2ccc(O)cc2)sc2cc(Cl)ccc12,active,492.04000000000013,7.023000000000006,1.0,5.0,6.0
216,CHEMBL48021,O=C(c1ccc(OCCN2CCCCC2)cc1)c1c(-c2ccc(O)c(F)c2)sc2cc(O)ccc12,active,491.5840000000001,6.214300000000007,2.0,6.0,9.522878745280337
217,CHEMBL43936,Cc1sc2cc(O)ccc2c1C(=O)c1ccc(OCCN2CCCCC2)cc1,active,395.5240000000003,5.011020000000006,1.0,5.0,7.455931955649724
218,CHEMBL64692,O=C(c1ccc(OCCN2CCCCC2)cc1)c1c2ccc(O)cc2sc1[C@H]1CC[C@H](O)CC1,active,479.6420000000002,5.721100000000007,2.0,6.0,8.698970004336019
219,CHEMBL46626,O=C(c1ccc(OCCN2CCCCC2)cc1)c1c(-c2ccc(C(F)(F)F)cc2)sc2cc(O)ccc12,active,525.5920000000001,7.388400000000006,1.0,5.0,6.0
220,CHEMBL46622,COc1ccc2c(C(=O)c3ccc(OCCN4CCCCC4)cc3)c(-c3ccc(CO)cc3)sc2c1,active,501.64800000000025,6.1649000000000065,1.0,6.0,6.221848749616356
221,CHEMBL295903,O=C(c1ccc(OCCN2CCCCC2)cc1)c1c(-c2cccc(O)c2)sc2cc(O)ccc12,active,473.5940000000001,6.075200000000007,2.0,6.0,8.494850021680094
222,CHEMBL44492,Cc1ccccc1-c1sc2cc(O)ccc2c1C(=O)c1ccc(OCCN2CCCCC2)cc1,active,471.6220000000004,6.678020000000007,1.0,5.0,9.154901959985743
223,CHEMBL295111,O=C(c1ccc(OCCN2CCCCC2)cc1)c1c(-c2cccc(F)c2)sc2cc(O)ccc12,active,475.5850000000001,6.508700000000006,1.0,5.0,8.602059991327963
224,CHEMBL44701,O=C(c1ccc(OCCN2CCCCC2)cc1)c1c(-c2ccc(O)cc2)sc2c(O)cccc12,active,473.5940000000001,6.075200000000007,2.0,6.0,6.522878745280337
225,CHEMBL296226,O=C(c1ccc(OCCN2CCCCC2)cc1)c1c(-c2ccc3ccccc3c2)sc2cc(O)ccc12,active,507.65500000000014,7.522800000000006,1.0,5.0,7.096910013008056
226,CHEMBL555783,COc1ccc(-c2sc3c(OC)c(OC)c(OC)cc3c2C(=O)c2ccc(OCCN3CCCCC3)cc2)cc1.Cl,active,561.7000000000005,6.6984000000000075,0.0,8.0,6.455931955649724
227,CHEMBL44633,Cc1cc(O)ccc1-c1sc2cc(O)ccc2c1C(=O)c1ccc(OCCN2CCCCC2)cc1,active,487.62100000000044,6.383620000000006,2.0,6.0,8.698970004336019
228,CHEMBL44812,O=C(c1ccc(OCCN2CCCCC2)cc1)c1c(C2CCCC2)sc2cc(O)ccc12,active,449.6160000000002,6.360200000000008,1.0,5.0,8.301029995663981
229,CHEMBL47553,CC(C)c1ccc(-c2sc3cc(O)ccc3c2C(=O)c2ccc(OCCN3CCCCC3)cc2)cc1,active,499.6760000000004,7.493000000000009,1.0,5.0,7.522878745280337
230,CHEMBL538492,Cl.O=C(c1ccc(OCCN2CCCCC2)cc1)c1c(-c2ccc(O)cc2)sc2ccccc12,active,457.5950000000001,6.369600000000006,1.0,5.0,7.455931955649724
231,CHEMBL544723,COC(=O)c1ccc2c(C(=O)c3ccc(OCCN4CCCCC4)cc3)c(-c3ccc(O)cc3)sc2c1.Cl,active,515.6310000000003,6.156200000000006,1.0,7.0,7.522878745280337
232,CHEMBL47247,CCc1sc2cc(O)ccc2c1C(=O)c1ccc(OCCN2CCCCC2)cc1,active,409.5510000000003,5.265000000000006,1.0,5.0,7.698970004336019
233,CHEMBL542353,Cc1ccc2c(C(=O)c3ccc(OCCN4CCCCC4)cc3)c(-c3ccc(O)cc3)sc2c1.Cl,active,471.6220000000002,6.678020000000006,1.0,5.0,6.522878745280337
234,CHEMBL46982,O=C(c1ccc(OCCN2CCCCC2)cc1)c1c(-c2ccc(O)cc2)sc2cc(O)c(O)cc12,active,489.59300000000013,5.780800000000006,3.0,7.0,6.3979400086720375
235,CHEMBL48079,O=C(c1ccc(OCCN2CCCCC2)cc1)c1c(-c2ccc(O)c3ccccc23)sc2cc(O)ccc12,active,523.6540000000001,7.228400000000008,2.0,6.0,8.698970004336019
236,CHEMBL43775,Cc1cc(-c2sc3cc(O)ccc3c2C(=O)c2ccc(OCCN3CCCCC3)cc2)ccc1O,active,487.6210000000004,6.383620000000007,2.0,6.0,9.0
237,CHEMBL46408,O=C(c1ccc(OCCN2CCCCC2)cc1)c1c(-c2ccsc2)sc2cc(O)ccc12,active,463.6240000000001,6.431100000000006,1.0,6.0,8.0
238,CHEMBL101914,CC1=CC(C)(C)Nc2ccc3c(c21)C(c1ccccc1)Oc1ccccc1-3,active,353.4650000000001,6.442800000000005,1.0,2.0,6.52432881167557
239,CHEMBL103232,CC1=CC(C)(C)Nc2ccc3c(c21)C(c1ccc(Br)cc1)Oc1ccccc1-3,inactive,432.3610000000001,7.205300000000005,1.0,2.0,5.0
240,CHEMBL318513,CC1=CC(C)(C)Nc2ccc3c(c21)C(c1cccc(C(F)(F)F)c1)Oc1ccccc1-3,intermediate,421.4620000000001,7.461600000000005,1.0,2.0,5.813326132500255
241,CHEMBL103092,CC1=CC(C)(C)Nc2ccc3c(c21)C(c1ccc(C)c(F)c1)Oc1ccccc1-3,intermediate,385.4820000000001,6.890320000000005,1.0,2.0,5.838931614528826
242,CHEMBL320690,CC1=CC(C)(C)Nc2ccc3c(c21)C(c1cccc(Cl)c1)Oc1ccccc1-3,intermediate,387.9100000000001,7.096200000000005,1.0,2.0,5.8297382846050425
243,CHEMBL317921,CC1=CC(C)(C)Nc2ccc3c(c21)C(c1ccc(Cl)c(Cl)c1)Oc1ccccc1-3,intermediate,422.35500000000013,7.749600000000005,1.0,2.0,5.579714115058082
244,CHEMBL286595,CC1=CC(C)(C)Nc2ccc3c(c21)C(c1ccc(Cl)cc1)Oc1ccccc1-3,intermediate,387.9100000000001,7.096200000000005,1.0,2.0,5.744004273277598
245,CHEMBL101907,CC1=CC(C)(C)Nc2ccc3c(c21)C(c1cc(C)cc(Br)c1)Oc1ccccc1-3,intermediate,446.3880000000001,7.5137200000000055,1.0,2.0,5.984221243610959
246,CHEMBL102754,CC1=CC(C)(C)Nc2ccc3c(c21)C(c1ccc(Cl)c(F)c1)Oc1ccccc1-3,intermediate,405.9000000000001,7.235300000000005,1.0,2.0,5.838931614528826
247,CHEMBL102720,CC1=CC(C)(C)Nc2ccc3c(c21)C(c1ccc(Cl)c(C)c1)Oc1ccccc1-3,intermediate,401.9370000000001,7.404620000000006,1.0,2.0,5.913640169325252
248,CHEMBL102403,CC1=CC(C)(C)Nc2ccc3c(c21)C(c1ccc(C)cc1)Oc1ccccc1-3,intermediate,367.4920000000001,6.751220000000005,1.0,2.0,5.620694482249418
249,CHEMBL430855,CC1=CC(C)(C)Nc2ccc3c(c21)C(c1cccc(Br)c1)Oc1ccccc1-3,intermediate,432.3610000000001,7.205300000000005,1.0,2.0,5.960585880823863
250,CHEMBL102541,CC1=CC(C)(C)Nc2ccc3c(c21)C(c1cc(Cl)cc(Cl)c1)Oc1ccccc1-3,inactive,422.35500000000013,7.749600000000005,1.0,2.0,5.0
251,CHEMBL299942,Oc1ccc2c(c1)OC[C@H](c1ccccc1)[C@@H]2c1ccc(OCCN2CCCCC2)cc1,active,429.5600000000004,5.565000000000005,1.0,4.0,8.508638306165727
252,CHEMBL301327,COc1ccc2c(c1)OC(C)(C)[C@@H](c1ccccc1)[C@@H]2c1ccc(OCCN2CCCC2)cc1,active,457.6140000000004,6.256500000000006,0.0,4.0,7.136677139879544
253,CHEMBL308234,CC1=C(c2ccc(OC(=O)C(C)(C)C)cc2)[C@H](c2ccc(OCCN3CCCCC3)cc2)Oc2cc(OC(=O)C(C)(C)C)ccc21,active,625.8060000000003,8.518700000000006,0.0,7.0,9.853871964321762
254,CHEMBL291808,CC1=C(c2ccc(O)cc2)C(c2ccc(OCCN3CCCCC3)cc2)Oc2cc(O)ccc21,active,457.5700000000003,6.026900000000007,2.0,5.0,9.614393726401687
255,CHEMBL14955,O=C(c1ccc(OCCN2CCCCC2)cc1)[C@H]1c2ccc(O)cc2S[C@@H]1c1ccc(O)cc1,active,475.6100000000001,5.776000000000007,2.0,6.0,9.2839966563652
256,CHEMBL6318,CC/C(=C(\c1ccc(I)cc1)c1ccc(OCCN2CCCC2)cc1)c1ccccc1,active,523.4580000000004,7.134900000000008,0.0,2.0,8.1249387366083
257,CHEMBL67783,Oc1ccc(C2=Cc3ccc(O)cc3OC2c2ccc(OCCN3CCCCC3)cc2)cc1,active,443.54300000000035,5.636800000000005,2.0,5.0,8.337242168318426
258,CHEMBL537254,Cl.Oc1ccc(-c2sc3cc(O)ccc3c2Oc2ccc(OCCN3CCCCC3)cc2)cc1,active,461.58300000000037,6.636500000000005,2.0,6.0,10.301029995663981
259,CHEMBL68055,CC1=C(c2ccc(O)cc2)[C@H](c2ccc(OCCN3CCCCC3)cc2)Oc2cc(O)ccc21,active,457.5700000000003,6.026900000000007,2.0,5.0,9.853871964321762
260,CHEMBL52598,Oc1ccc2c(c1)OC[C@H](c1ccccc1)[C@@H]2c1ccc(SCCN2CCCCC2)cc1,active,445.6280000000004,6.278300000000005,1.0,4.0,8.013228265733755
261,CHEMBL554789,Cl.Oc1ccc2c(c1)OC[C@H](c1ccccc1)[C@@H]2c1ccc(SCCN2CCCC2)cc1,active,431.60100000000034,5.888200000000005,1.0,4.0,8.187086643357144
262,CHEMBL417596,Oc1ccc2c(c1)OC[C@H](c1ccccc1)[C@@H]2c1ccc(OCCN2CCCC2)cc1,active,415.53300000000036,5.1749000000000045,1.0,4.0,7.721246399047171
263,CHEMBL67837,CC1=C(c2ccc(O)cc2)[C@@H](c2ccc(OCCN3CCCCC3)cc2)Oc2cc(O)ccc21,active,457.5700000000003,6.026900000000007,2.0,5.0,8.075720713938118
264,CHEMBL441622,CC1=C(c2ccc(OC(=O)C(C)(C)C)cc2)[C@@H](c2ccc(OCCN3CCCCC3)cc2)Oc2cc(OC(=O)C(C)(C)C)ccc21,active,625.8060000000003,8.518700000000006,0.0,7.0,7.441291429466834
265,CHEMBL433581,C[C@H]1CCN(CCOc2ccc([C@@H]3Oc4ccc(O)cc4[C@@H](C)[C@@H]3c3ccc(O)cc3)cc2)C1,active,459.5860000000002,5.8394000000000075,2.0,5.0,8.823908740944319
266,CHEMBL181404,C[C@H]1CCN(CCOc2ccc([C@@H]3Oc4ccc(O)c(F)c4[C@@H](C)[C@@H]3c3ccc(O)cc3)cc2)C1,active,477.5760000000002,5.9785000000000075,2.0,5.0,9.045757490560675
267,CHEMBL369724,C[C@@H]1CCN(CCOc2ccc([C@@H]3Oc4ccc(O)cc4[C@@H](C)[C@@H]3c3ccc(O)cc3)cc2)C1,active,459.5860000000002,5.8394000000000075,2.0,5.0,8.920818753952375
268,CHEMBL361005,C[C@@H]1CCN(CCOc2ccc([C@@H]3Oc4ccc(O)c(F)c4[C@@H](C)[C@@H]3c3ccc(O)cc3)cc2)C1,active,477.5760000000002,5.9785000000000075,2.0,5.0,8.958607314841775
269,CHEMBL360315,C[C@@H]1c2cc(O)ccc2O[C@@H](c2ccc(OC[C@H](C)N3CCCC3)cc2)[C@H]1c1ccc(O)cc1,active,459.58600000000024,5.981900000000006,2.0,5.0,9.301029995663981
270,CHEMBL178470,C[C@@H]1c2cc(O)ccc2O[C@@H](c2ccc(OCCN3CCCCC3)cc2)[C@H]1c1ccc(O)cc1,active,459.58600000000024,5.983500000000006,2.0,5.0,8.795880017344075
271,CHEMBL180146,C[C@@H]1c2c(ccc(O)c2F)O[C@@H](c2ccc(OCCN3CCCCC3)cc2)[C@H]1c1ccc(O)cc1,active,477.5760000000003,6.1226000000000065,2.0,5.0,8.853871964321762
272,CHEMBL181936,C[C@@H]1c2cc(O)ccc2O[C@@H](c2ccc(OCCN3CCCC3)cc2)[C@H]1c1ccc(O)cc1,active,445.5590000000002,5.593400000000005,2.0,5.0,8.823908740944319
273,CHEMBL359633,C[C@@H]1c2c(ccc(O)c2F)O[C@@H](c2ccc(OC[C@H](C)N3CCCC3)cc2)[C@H]1c1ccc(O)cc1,active,477.57600000000025,6.121000000000007,2.0,5.0,9.301029995663981
274,CHEMBL368449,C[C@@H]1CCN([C@@H](C)COc2ccc([C@@H]3Oc4ccc(O)cc4[C@@H](C)[C@@H]3c3ccc(O)cc3)cc2)C1,active,473.6130000000002,6.227900000000008,2.0,5.0,9.397940008672037
275,CHEMBL180995,C[C@@H]1CCN([C@@H](C)COc2ccc([C@@H]3Oc4ccc(O)c(F)c4[C@@H](C)[C@@H]3c3ccc(O)cc3)cc2)C1,active,491.60300000000024,6.367000000000008,2.0,5.0,9.096910013008056
276,CHEMBL359671,C[C@H]1CCN([C@@H](C)COc2ccc([C@@H]3Oc4ccc(O)c(F)c4[C@@H](C)[C@@H]3c3ccc(O)cc3)cc2)C1,active,491.60300000000024,6.367000000000008,2.0,5.0,9.221848749616356
277,CHEMBL2113002,C[C@H](CN1CCCC1)Oc1ccc([C@@H]2Oc3ccc(O)cc3[C@@H](C)[C@@H]2c2ccc(O)cc2)cc1,active,459.5860000000002,5.9819000000000075,2.0,5.0,8.602059991327963
278,CHEMBL181368,C[C@@H]1c2c(ccc(O)c2F)O[C@@H](c2ccc(OCCN3CCCCCC3)cc2)[C@H]1c1ccc(O)cc1,active,491.60300000000035,6.512700000000007,2.0,5.0,9.045757490560675
279,CHEMBL181248,C[C@@H]1c2c(ccc(O)c2F)O[C@@H](c2ccc(OC[C@H](C)N3CCC[C@H]3C)cc2)[C@H]1c1ccc(O)cc1,active,491.60300000000024,6.509500000000007,2.0,5.0,10.154901959985743
280,CHEMBL179929,COc1ccc2c(c1)CO[C@H](c1ccccc1)[C@@H]2c1ccc(OCCN2CCCC2)cc1,active,429.56000000000034,5.573200000000006,0.0,4.0,7.2441251443275085
281,CHEMBL180085,COc1ccc2c(c1)CS[C@H](c1ccccc1)[C@@H]2c1ccc(OCCN2CCCC2)cc1,active,445.6280000000004,6.289800000000007,0.0,4.0,6.785156151952302
282,CHEMBL183162,Oc1ccc2c(c1)CO[C@H](c1ccccc1)[C@@H]2c1ccc(OCCN2CCCC2)cc1,active,415.53300000000036,5.270200000000004,1.0,4.0,9.823908740944319
283,CHEMBL183333,Oc1ccc2c(c1)CS[C@H](c1ccccc1)[C@@H]2c1ccc(OCCN2CCCC2)cc1,active,431.60100000000034,5.986800000000007,1.0,4.0,9.602059991327963
284,CHEMBL328190,Oc1ccc2c(c1)CC[C@H](c1ccccc1)[C@@H]2c1ccc(OCCN2CCCC2)cc1,active,413.5610000000004,5.728700000000006,1.0,3.0,10.0
285,CHEMBL367574,C[C@@H]1CN(CCOc2ccc([C@@H]3Oc4ccc(O)cc4S[C@@H]3c3ccc(O)cc3)cc2)C[C@@H]1C,active,477.6260000000002,6.031500000000007,2.0,6.0,9.301029995663981
286,CHEMBL182980,C[C@H]1CN(CCOc2ccc([C@@H]3Oc4ccc(O)cc4S[C@@H]3c3ccc(O)cc3)cc2)C[C@@H]1C,active,477.6260000000002,6.031500000000007,2.0,6.0,9.397940008672037
287,CHEMBL361751,Oc1ccc([C@H]2Sc3cc(O)ccc3O[C@H]2c2ccc(OCCCN3CCCC3)cc2)cc1,active,463.5990000000004,5.929600000000006,2.0,6.0,8.387216143280265
288,CHEMBL180792,C[C@H](COc1ccc([C@@H]2Oc3ccc(O)cc3S[C@@H]2c2ccc(O)cc2)cc1)N1CCCC1,active,463.5990000000002,5.928000000000007,2.0,6.0,9.522878745280337
289,CHEMBL184202,Oc1ccc([C@H]2Sc3cc(O)ccc3O[C@H]2c2ccc(OCCN3CC4CC4C3)cc2)cc1,active,461.5830000000003,5.395400000000006,2.0,6.0,8.585026652029182
290,CHEMBL362623,Oc1ccc([C@H]2Sc3cc(O)ccc3O[C@H]2c2ccc(OCCN3CCCC3)cc2)cc1,active,449.57200000000034,5.539500000000006,2.0,6.0,8.481486060122112
291,CHEMBL183584,C[C@@H]1CCN(CCOc2ccc([C@@H]3Oc4ccc(O)cc4S[C@@H]3c3ccc(O)cc3)cc2)C1,active,463.59900000000016,5.785500000000008,2.0,6.0,9.045757490560675
292,CHEMBL183049,C[C@H]1CCN(CCOc2ccc([C@@H]3Oc4ccc(O)cc4S[C@@H]3c3ccc(O)cc3)cc2)C1,active,463.59900000000016,5.785500000000008,2.0,6.0,9.0
293,CHEMBL183489,C[C@@H]1CCCN1CCOc1ccc([C@@H]2Oc3ccc(O)cc3S[C@@H]2c2ccc(O)cc2)cc1,active,463.59900000000016,5.928000000000007,2.0,6.0,9.397940008672037
294,CHEMBL183344,C[C@H]1CCCN1CCOc1ccc([C@@H]2Oc3ccc(O)cc3S[C@@H]2c2ccc(O)cc2)cc1,active,463.59900000000016,5.928000000000007,2.0,6.0,9.301029995663981
295,CHEMBL183388,CC[C@@H]1CCN(CCOc2ccc([C@@H]3Oc4ccc(O)cc4S[C@@H]3c3ccc(O)cc3)cc2)C1,active,477.6260000000002,6.175600000000008,2.0,6.0,8.795880017344075
296,CHEMBL2113027,CC[C@H]1CCN(CCOc2ccc([C@@H]3Oc4ccc(O)cc4S[C@@H]3c3ccc(O)cc3)cc2)C1,active,477.6260000000002,6.175600000000008,2.0,6.0,8.920818753952375
297,CHEMBL361601,CC(C)[C@@H]1CCN(CCOc2ccc([C@@H]3Oc4ccc(O)cc4S[C@@H]3c3ccc(O)cc3)cc2)C1,active,491.6530000000002,6.421600000000009,2.0,6.0,8.455931955649724
298,CHEMBL427324,CC(C)[C@H]1CCN(CCOc2ccc([C@@H]3Oc4ccc(O)cc4S[C@@H]3c3ccc(O)cc3)cc2)C1,active,491.6530000000002,6.421600000000009,2.0,6.0,8.42021640338319
299,CHEMBL182887,CC1(C)CCN(CCOc2ccc([C@@H]3Oc4ccc(O)cc4S[C@@H]3c3ccc(O)cc3)cc2)C1,active,477.6260000000002,6.175600000000008,2.0,6.0,9.154901959985743
300,CHEMBL183371,CC1(C)CCCN1CCOc1ccc([C@@H]2Oc3ccc(O)cc3S[C@@H]2c2ccc(O)cc2)cc1,active,477.62600000000015,6.318100000000008,2.0,6.0,9.397940008672037
301,CHEMBL367350,CC[C@@H](COc1ccc([C@@H]2Oc3ccc(O)cc3S[C@@H]2c2ccc(O)cc2)cc1)N1CCCC1,active,477.62600000000026,6.318100000000008,2.0,6.0,9.698970004336019
302,CHEMBL369545,CC[C@H](COc1ccc([C@@H]2Oc3ccc(O)cc3S[C@@H]2c2ccc(O)cc2)cc1)N1CCCC1,active,477.62600000000026,6.318100000000008,2.0,6.0,9.397940008672037
303,CHEMBL183263,CC(C)[C@@H](COc1ccc([C@@H]2Oc3ccc(O)cc3S[C@@H]2c2ccc(O)cc2)cc1)N1CCCC1,active,491.6530000000003,6.564100000000009,2.0,6.0,8.698970004336019
304,CHEMBL179852,CC(C)(COc1ccc([C@@H]2Oc3ccc(O)cc3S[C@@H]2c2ccc(O)cc2)cc1)N1CCCC1,active,477.62600000000026,6.318100000000008,2.0,6.0,9.301029995663981
305,CHEMBL182794,CC(C)[C@H](COc1ccc([C@@H]2Oc3ccc(O)cc3S[C@@H]2c2ccc(O)cc2)cc1)N1CCCC1,active,491.6530000000003,6.564100000000009,2.0,6.0,9.397940008672037
306,CHEMBL181944,C[C@@H](CN1CCCC1)Oc1ccc([C@@H]2Oc3ccc(O)cc3S[C@@H]2c2ccc(O)cc2)cc1,active,463.59900000000016,5.928000000000007,2.0,6.0,8.638272163982407
307,CHEMBL183044,C[C@H](CN1CCCC1)Oc1ccc([C@@H]2Oc3ccc(O)cc3S[C@@H]2c2ccc(O)cc2)cc1,active,463.59900000000016,5.928000000000007,2.0,6.0,8.040958607678906
308,CHEMBL183092,CC[C@@H](CN1CCCC1)Oc1ccc([C@@H]2Oc3ccc(O)cc3S[C@@H]2c2ccc(O)cc2)cc1,active,477.62600000000015,6.318100000000008,2.0,6.0,8.886056647693163
309,CHEMBL183086,CC[C@H](CN1CCCC1)Oc1ccc([C@@H]2Oc3ccc(O)cc3S[C@@H]2c2ccc(O)cc2)cc1,active,477.62600000000015,6.318100000000008,2.0,6.0,8.508638306165727
310,CHEMBL183685,Oc1ccc2c(ccc3cc4ccc(O)cc4c(-c4ccc(OCCN5CCCCC5)cc4)c32)c1,active,463.5770000000004,7.089100000000007,2.0,4.0,6.086186147616283
311,CHEMBL360872,Oc1ccc2c(c1)Cc1ccc3cc(O)ccc3c1C2c1ccc(OCCN2CCCCC2)cc1,active,465.5930000000004,6.200100000000006,2.0,4.0,7.638272163982407
312,CHEMBL184976,Oc1ccc2c3c(ccc2c1)Cc1c(O)cccc1C3c1ccc(OCCN2CCCCC2)cc1,active,465.59300000000036,6.200100000000006,2.0,4.0,8.537602002101044
313,CHEMBL185064,Oc1ccc2c3c(sc2c1)Cc1ccccc1C3c1ccc(C(O)CCN2CCCCC2)cc1,active,469.6500000000004,6.600700000000008,2.0,4.0,7.769551078621726
314,CHEMBL185284,Oc1ccc2c3c(sc2c1)Cc1cccc(O)c1C3c1ccc(C(O)CCN2CCCCC2)cc1,active,485.6490000000004,6.306300000000007,3.0,5.0,7.376750709602099
315,CHEMBL185412,Oc1ccc2c(c1)C(c1ccc(C(O)CCN3CCCCC3)cc1)c1c(sc3cc(O)ccc13)C2,active,485.6490000000003,6.306300000000006,3.0,5.0,9.045757490560675
316,CHEMBL182342,Oc1ccc2c(c1)sc1cc3ccc(O)cc3c(-c3ccc(C(O)CCN4CCCCC4)cc3)c12,active,483.6330000000004,7.195300000000008,3.0,5.0,9.0
317,CHEMBL184958,Oc1ccc2c(c1)Cc1sc3cc(O)ccc3c1C2c1ccc(C(O)CCN2CCCCC2)cc1,active,485.6490000000004,6.3063000000000065,3.0,5.0,9.154901959985743
318,CHEMBL360005,Oc1ccc2c3c(ccc2c1)Cc1cccc(O)c1C3c1ccc(OCCN2CCCCC2)cc1,active,465.59300000000036,6.200100000000006,2.0,4.0,7.167491087293763
319,CHEMBL184423,Oc1ccc2c(c1)C(c1ccc(OCCN3CCCCC3)cc1)c1c(ccc3cc(O)ccc13)C2,active,465.5930000000002,6.200100000000006,2.0,4.0,8.18045606445813
320,CHEMBL183683,CCCCCSCCCCCCCCCC/C(=C(/CC)c1ccc(O)cc1)c1cccc(O)c1,intermediate,482.7740000000001,9.852899999999995,2.0,3.0,5.920818753952375
321,CHEMBL366280,CCCCCSCCCCCCCCCC/C(=C(/CC)c1ccc(O)cc1)c1ccc(O)cc1,active,482.7740000000001,9.852899999999995,2.0,3.0,6.102372908709558
322,CHEMBL186667,CCCCCSCCCCCCCCCC/C(=C(/CC)c1cccc(O)c1)c1ccc(O)cc1,active,482.7740000000001,9.852899999999995,2.0,3.0,6.698970004336019
323,CHEMBL183345,CCCCCS(=O)(=O)CCCCCCCCCC/C(=C(/CC)c1ccc(O)cc1)c1cccc(O)c1,active,514.7720000000003,8.534500000000003,2.0,4.0,6.431798275933005
324,CHEMBL426065,CCCCCS(=O)(=O)CCCCCCCCCC/C(=C(/CC)c1ccc(O)cc1)c1ccc(O)cc1,active,514.7720000000003,8.534500000000003,2.0,4.0,6.886056647693163
325,CHEMBL365089,CCCCCS(=O)(=O)CCCCCCCCCC/C(=C(/CC)c1cccc(O)c1)c1ccc(O)cc1,active,514.7720000000003,8.534500000000003,2.0,4.0,7.301029995663981
326,CHEMBL184217,CCCCCSCCCN(C)C(=O)CCCCC/C(=C(/CC)c1ccc(O)cc1)c1ccc(O)cc1,active,511.7720000000003,8.141000000000007,2.0,4.0,6.221848749616356
327,CHEMBL181484,CC/C(=C(/CCCCCC(=O)N(C)CCCSCCCC(F)(F)C(F)(F)F)c1ccc(O)cc1)c1ccc(O)cc1,active,601.7220000000002,8.9286,2.0,4.0,6.508638306165727
328,CHEMBL184285,CCCCCSCCCN(C)CCCCCC/C(=C(/CC)c1ccc(O)cc1)c1ccc(O)cc1,active,497.7890000000002,8.614400000000003,2.0,4.0,8.0
329,CHEMBL185209,CC/C(=C(/CCCCCCN(C)CCCSCCCC(F)(F)C(F)(F)F)c1ccc(O)cc1)c1ccc(O)cc1,active,587.7390000000001,9.401999999999997,2.0,4.0,8.0
330,CHEMBL1358,C[C@]12CC[C@@H]3c4ccc(O)cc4C[C@@H](CCCCCCCCC[S+]([O-])CCCC(F)(F)C(F)(F)F)[C@H]3[C@@H]1CC[C@@H]2O,active,606.7820000000003,8.682600000000003,2.0,3.0,9.67778070526608
331,CHEMBL184074,CCCCCS(=O)(=O)CCCCCCCCCCn1c(-c2ccc(O)cc2)c(C)c2cc(O)ccc21,active,513.7440000000001,7.75372000000001,2.0,5.0,7.698970004336019
332,CHEMBL190972,CN(C)CCOc1ccc(C2=C(c3ccccc3)CCOc3ccccc32)cc1,inactive,385.5070000000001,5.368600000000005,0.0,3.0,4.790484985457369
333,CHEMBL426804,CCN(CC)CCOc1ccc(C2=C(c3ccccc3)CCOc3ccccc32)cc1,inactive,413.5610000000002,6.148800000000007,0.0,3.0,4.847711655616943
334,CHEMBL366274,c1ccc(C2=C(c3ccc(OCCN4CCOCC4)cc3)c3ccccc3OCC2)cc1,intermediate,427.5440000000001,5.139200000000005,0.0,4.0,5.119186407719209
335,CHEMBL188519,c1ccc(C2=C(c3ccc(OCCN4CCCCC4)cc3)c3ccccc3OCC2)cc1,inactive,425.57200000000006,6.292900000000007,0.0,3.0,4.97469413473523
336,CHEMBL189022,c1ccc(C2=C(c3ccc(OCCN4CCCC4)cc3)c3ccccc3OCC2)cc1,intermediate,411.5450000000001,5.902800000000005,0.0,3.0,5.214670164989233
337,CHEMBL187400,COc1ccc(C2=C(c3ccc(OCCN(C)C)cc3)c3ccccc3OCC2)cc1,inactive,415.53300000000013,5.3772000000000055,0.0,4.0,4.954677021213342
338,CHEMBL186237,COc1ccccc1C1=C(c2ccc(OCCN(C)C)cc2)c2ccccc2OCC1,inactive,415.53300000000013,5.377200000000005,0.0,4.0,4.931814138253838
339,CHEMBL188193,COc1cccc(C2=C(c3ccc(OCCN(C)C)cc3)c3ccccc3OCC2)c1,inactive,415.53300000000013,5.3772000000000055,0.0,4.0,4.247183568811729
340,CHEMBL186274,Cc1ccc(C2=C(c3ccc(OCCN(C)C)cc3)c3ccccc3OCC2)cc1,inactive,399.53400000000016,5.677020000000005,0.0,3.0,4.804100347590766
341,CHEMBL186728,Cc1cccc(C2=C(c3ccc(OCCN(C)C)cc3)c3ccccc3OCC2)c1,inactive,399.53400000000016,5.677020000000005,0.0,3.0,4.4736607226101555
342,CHEMBL186797,CN(C)CCOc1ccc(C2=C(c3ccc(Cl)cc3)CCOc3ccccc32)cc1,inactive,419.95200000000017,6.022000000000006,0.0,3.0,4.73754891026957
343,CHEMBL363504,CN(C)CCOc1ccc(C2=C(c3cccc([N+](=O)[O-])c3)CCOc3ccccc32)cc1,inactive,430.5040000000002,5.276800000000005,0.0,5.0,4.189767482004916
344,CHEMBL187893,CN(C)CCOc1ccc(C2=C(c3ccc(C#N)cc3)CCOc3ccccc32)cc1,inactive,410.51700000000017,5.240280000000005,0.0,4.0,4.129011186239425
345,CHEMBL195212,Oc1ccc2c(c1)CCN(c1ccccc1)C2c1ccc(N2CCN3CCCCC3C2)cc1,active,439.60300000000035,5.218800000000004,1.0,4.0,7.6777807052660805
346,CHEMBL195465,CC1CN(c2ccc(C3c4ccc(O)cc4CCN3c3ccccc3)cc2)CCN1C,active,413.5650000000001,4.684600000000004,1.0,4.0,7.356547323513812
347,CHEMBL195216,CCN1CCN(c2ccc(C3c4ccc(O)cc4CCN3c3ccccc3)cc2)CC1C,active,427.59200000000016,5.074700000000005,1.0,4.0,7.522878745280337
348,CHEMBL192055,CCC1CN(c2ccc(C3c4ccc(O)cc4CCN3c3ccccc3)cc2)CCN1C,active,427.59200000000016,5.074700000000004,1.0,4.0,6.721246399047171
349,CHEMBL427533,CN1CCN(c2ccc(C3c4ccc(O)cc4CCN3c3ccccc3)cc2)CC1,active,399.5380000000001,4.296100000000004,1.0,4.0,7.259637310505756
350,CHEMBL426461,CN1CCC(c2ccc(C3c4ccc(O)cc4CCN3c3ccccc3)cc2)CC1,active,398.5500000000001,5.353500000000005,1.0,3.0,7.346787486224656
351,CHEMBL192187,CN1CCC(c2ccc(C3c4ccc(O)cc4CCN3c3ccc(F)cc3)cc2)CC1,active,416.54000000000013,5.492600000000005,1.0,3.0,7.337242168318426
352,CHEMBL372011,CN1CCC(c2ccc(C3c4ccc(O)cc4CCN3c3cccc(F)c3)cc2)CC1,active,416.54000000000013,5.492600000000005,1.0,3.0,6.823908740944319
353,CHEMBL372029,CN1CCC(c2ccc(C3c4ccc(O)cc4CCN3c3cccc(O)c3)cc2)CC1,active,414.54900000000015,5.059100000000005,2.0,4.0,6.982966660701219
354,CHEMBL194334,CN1CCN(c2ccc(C3c4ccc(O)cc4CCN3c3cccc(O)c3)cc2)CC1,active,415.53700000000015,4.001700000000003,2.0,5.0,6.958607314841775
355,CHEMBL364492,CC(C)N1CCN(c2ccc(C3c4ccc(O)cc4CCN3c3cccc(O)c3)cc2)CC1,active,443.5910000000003,4.780300000000004,2.0,5.0,7.292429823902063
356,CHEMBL195118,CC(C)CN1CCN(c2ccc(C3c4ccc(O)cc4CCN3c3cccc(O)c3)cc2)CC1,active,457.6180000000003,5.027900000000006,2.0,5.0,7.096910013008056
357,CHEMBL191711,Oc1cccc(N2CCc3cc(O)ccc3C2c2ccc(N3CCN(CC4CC4)CC3)cc2)c1,active,455.6020000000004,4.781900000000004,2.0,5.0,7.337242168318426
358,CHEMBL195466,Oc1cccc(N2CCc3cc(O)ccc3C2c2ccc(N3CCN(C4CCCC4)CC3)cc2)c1,active,469.6290000000004,5.314500000000004,2.0,5.0,7.229147988357855
359,CHEMBL191646,Oc1cccc(N2CCc3cc(O)ccc3C2c2ccc(N3CCN(C4CCCCC4)CC3)cc2)c1,active,483.65600000000046,5.704600000000005,2.0,5.0,7.2839966563652006
360,CHEMBL103650,Oc1ccc2c(c1)CCN(c1ccccc1)C2c1ccc(F)cc1,active,319.379,4.683400000000003,1.0,2.0,6.0
361,CHEMBL101382,Oc1ccc2c(c1)CCN(c1ccccc1)C2c1ccc(OCCN2CCCCC2)cc1,active,428.57600000000036,5.409000000000005,1.0,4.0,7.494850021680094
362,CHEMBL370492,CCc1nc2cc(O)ccc2c(Oc2ccc(/C=C/C(=O)O)cc2)c1-c1ccccc1,active,411.4570000000001,6.059900000000006,2.0,4.0,6.900008766455316
363,CHEMBL363630,CCc1nc2cc(O)ccc2c(Oc2ccc(/C=C/C(N)=O)cc2)c1-c1ccccc1,active,410.4730000000001,5.460600000000005,2.0,4.0,7.100015437450609
364,CHEMBL370750,CCc1nc2cc(O)ccc2c(Oc2ccc(/C=C/C(=O)NC(C)C)cc2)c1-c1ccccc1,active,452.55400000000014,6.4999000000000065,2.0,4.0,7.700057099977233
365,CHEMBL194774,CCc1nc2cc(O)ccc2c(Oc2ccc(/C=C/C(=O)N(C)C)cc2)c1-c1ccccc1,active,438.52700000000016,6.063500000000006,1.0,4.0,8.400007822415901
366,CHEMBL193865,CCc1nc2cc(O)ccc2c(Oc2ccc(/C=C/C(=O)N3CCCCC3)cc2)c1-c1ccccc1,active,478.5920000000003,6.987800000000008,1.0,4.0,8.400007822415901
367,CHEMBL194600,O=C(O)/C=C/c1ccc(Oc2c(-c3ccccc3)c(-c3ccccc3)nc3cc(O)ccc23)cc1,intermediate,459.50100000000015,7.164500000000006,2.0,4.0,5.59999938302362
368,CHEMBL192025,CCc1nc2cc(O)ccc2c(Oc2ccc(/C=C/C(=O)O)cc2)c1-c1cccc(C(F)(F)F)c1,active,479.4540000000001,7.078700000000007,2.0,4.0,8.100015437450608
369,CHEMBL195080,CCc1nc2cc(O)ccc2c(Oc2ccc(OCCN(C)C)cc2)c1-c1ccccc1,active,428.5320000000001,5.902500000000006,1.0,5.0,8.500038134403809
370,CHEMBL195515,CC/C(=C(\c1ccc(O)cc1)c1ccc(/C=C/C(=O)O)cc1)c1ccccc1,active,370.44800000000004,5.859100000000005,2.0,2.0,8.899974269892137
371,CHEMBL410683,C/C=C1\C(=O)C[C@H]2[C@@H]3CCC4=CC(=O)CC[C@]4(C)[C@H]3CC[C@]12C,intermediate,312.45300000000003,4.643600000000005,0.0,2.0,5.301029995663981
372,CHEMBL402063,C/C=C1/C(=O)C[C@H]2[C@@H]3CCC4=CC(=O)CC[C@]4(C)[C@H]3CC[C@]12C,intermediate,312.45300000000003,4.643600000000005,0.0,2.0,5.301029995663981
373,CHEMBL1116,Cl.O=C(c1ccc(OCCN2CCCCC2)cc1)c1c(-c2ccc(O)cc2)sc2cc(O)ccc12,active,473.5940000000001,6.075200000000007,2.0,6.0,9.431798275933005
374,CHEMBL539849,Cl.Oc1ccc(-c2ccc3cc(O)ccc3c2Cc2ccc(OCCN3CCCCC3)cc2)cc1,active,453.58200000000033,6.373500000000006,2.0,4.0,9.698970004336019
375,CHEMBL557981,CS(=O)(=O)c1ccc(-c2ccc3cc(O)ccc3c2Cc2ccc(OCCN3CCCCC3)cc2)cc1.Cl,active,515.6750000000005,6.071400000000007,1.0,5.0,8.468521082957745
376,CHEMBL536733,CS(=O)(=O)c1ccc(-c2ccc3cc(O)ccc3c2Oc2ccc(OCCN3CCCCC3)cc2)cc1.Cl,active,517.6470000000005,6.272900000000007,1.0,6.0,9.065501548756432
377,CHEMBL537638,Cl.Oc1ccc2c(Oc3ccc(OCCN4CCCCC4)cc3)c(-c3ccc(F)cc3)ccc2c1,active,457.54500000000013,7.008500000000006,1.0,4.0,9.468521082957745
378,CHEMBL535158,Cl.Oc1ccc2c3c(ccc2c1)-c1cc(F)cc(F)c1O[C@@H]3c1ccc(OCCN2CCCCC2)cc1,active,487.5460000000004,6.837100000000006,1.0,4.0,8.853871964321762
379,CHEMBL559366,Cl.Oc1ccc2c3c(ccc2c1)-c1cc(F)cc(F)c1O[C@H]3c1ccc(OCCN2CCCCC2)cc1,active,487.5460000000004,6.837100000000006,1.0,4.0,6.481486060122113
380,CHEMBL379024,COc1ccc(F)cc1-c1ccc2c(c1)C(CSCCc1ccccc1)=CC(C)(C)N2,intermediate,433.59200000000016,7.064700000000006,1.0,3.0,5.698970004336019
381,CHEMBL380646,CC1(C)C=C(CSCCc2ccccc2)c2cc(-c3cccc(O)c3Cl)ccc2N1,intermediate,436.02000000000015,7.276000000000006,2.0,3.0,5.698970004336019
382,CHEMBL210648,CN(C)CCOc1ccc(C2Oc3cc(O)ccc3C3=C2c2ccc(O)cc2OC3)cc1,active,431.4880000000002,4.475100000000004,2.0,6.0,6.7447274948966935
383,CHEMBL207324,Oc1ccc2c(c1)O[C@@H](c1ccc(OCCN3CCCCC3)cc1)C1=C2COc2cc(O)ccc21,active,471.5530000000003,5.399400000000006,2.0,6.0,7.767003889607846
384,CHEMBL208085,Oc1ccc2c(c1)O[C@H](c1ccc(OCCN3CCCCC3)cc1)C1=C2COc2cc(O)ccc21,active,471.5530000000003,5.399400000000006,2.0,6.0,7.363512103646634
385,CHEMBL381489,CC(C)(C)C(=O)Oc1ccc2c(c1)O[C@@H](c1ccc(OCCN3CCCCC3)cc1)C1=C2COc2cc(OC(=O)C(C)(C)C)ccc21,active,639.7890000000003,7.891200000000009,0.0,8.0,7.00436480540245
386,CHEMBL207362,CC(C)(C)C(=O)Oc1ccc2c(c1)O[C@H](c1ccc(OCCN3CCCCC3)cc1)C1=C2COc2cc(OC(=O)C(C)(C)C)ccc21,active,639.7890000000003,7.891200000000009,0.0,8.0,6.756961951313706
387,CHEMBL209090,CN(C)c1ccc(C2Oc3cc(O)ccc3C3=C2c2ccc(O)cc2OC3)cc1,intermediate,387.4350000000001,4.600700000000003,2.0,5.0,5.42021640338319
388,CHEMBL206680,Oc1ccc2c(c1)OC(c1ccc(OCCN3CCCCCC3)cc1)C1=C2COc2cc(O)ccc21,active,485.5800000000003,5.7895000000000065,2.0,6.0,7.886056647693163
389,CHEMBL379415,Oc1ccc2c(c1)OC(c1ccc(OCCN3CCCCC3)cc1)C1=C2COc2cc(O)ccc21,active,471.5530000000003,5.399400000000006,2.0,6.0,7.920818753952375
390,CHEMBL426322,Oc1ccc2c(c1)OC(c1ccc(OCCN3CCCC3)cc1)C1=C2COc2cc(O)ccc21,active,457.52600000000024,5.009300000000006,2.0,6.0,7.096910013008056
391,CHEMBL210699,Oc1ccc2c(c1)OC(c1ccc(OCCN3CCOCC3)cc1)C1=C2COc2cc(O)ccc21,active,473.52500000000026,4.245700000000003,2.0,7.0,6.3872161432802645
392,CHEMBL4228388,O=C(O)/C=C/c1ccc(C2=C(c3ccc(O)cc3)CCOc3ccccc32)cc1,active,384.4310000000001,5.231600000000004,2.0,3.0,6.173925197299173
393,CHEMBL4229221,COc1ccc2c(c1)OCCC(c1ccc(O)cc1)=C2c1ccc(/C=C/C(=O)O)cc1,active,414.4570000000001,5.240200000000004,2.0,4.0,6.0
394,CHEMBL4228649,O=C(O)/C=C/c1ccc(C2=C(c3ccc(O)cc3)CCOc3cc(F)ccc32)cc1,intermediate,402.4210000000001,5.370700000000005,2.0,3.0,5.856985199745905
395,CHEMBL4224880,O=C(O)/C=C/c1ccc(C2=C(c3ccc(O)cc3)CCSc3cc(F)ccc32)cc1,,418.4890000000001,6.084000000000004,2.0,3.0,6.7447274948966935
396,CHEMBL4227881,CC(=O)/C=C/c1ccc(C2=C(c3ccc(O)cc3)CCOc3cc(F)ccc32)cc1,,400.4490000000001,5.875100000000005,1.0,3.0,6.346787486224656
397,CHEMBL4225156,CCN(CC)C(=O)/C=C/c1ccc(C2=C(c3ccc(O)cc3)CCOc3cc(F)ccc32)cc1,,457.5450000000002,6.154500000000007,1.0,3.0,8.008773924307505
